-- MySQL dump 10.13  Distrib 8.0.34, for Win64 (x86_64)
--
-- Host: localhost    Database: flyticket
-- ------------------------------------------------------
-- Server version	8.0.35

/*!40101 SET @OLD_CHARACTER_SET_CLIENT=@@CHARACTER_SET_CLIENT */;
/*!40101 SET @OLD_CHARACTER_SET_RESULTS=@@CHARACTER_SET_RESULTS */;
/*!40101 SET @OLD_COLLATION_CONNECTION=@@COLLATION_CONNECTION */;
/*!50503 SET NAMES utf8 */;
/*!40103 SET @OLD_TIME_ZONE=@@TIME_ZONE */;
/*!40103 SET TIME_ZONE='+00:00' */;
/*!40014 SET @OLD_UNIQUE_CHECKS=@@UNIQUE_CHECKS, UNIQUE_CHECKS=0 */;
/*!40014 SET @OLD_FOREIGN_KEY_CHECKS=@@FOREIGN_KEY_CHECKS, FOREIGN_KEY_CHECKS=0 */;
/*!40101 SET @OLD_SQL_MODE=@@SQL_MODE, SQL_MODE='NO_AUTO_VALUE_ON_ZERO' */;
/*!40111 SET @OLD_SQL_NOTES=@@SQL_NOTES, SQL_NOTES=0 */;

--
-- Table structure for table `admins`
--

DROP TABLE IF EXISTS `admins`;
/*!40101 SET @saved_cs_client     = @@character_set_client */;
/*!50503 SET character_set_client = utf8mb4 */;
CREATE TABLE `admins` (
  `id` int NOT NULL AUTO_INCREMENT,
  `username` varchar(45) NOT NULL,
  `password` varchar(255) NOT NULL,
  PRIMARY KEY (`id`),
  UNIQUE KEY `username_UNIQUE` (`username`)
) ENGINE=InnoDB AUTO_INCREMENT=61 DEFAULT CHARSET=utf8mb3;
/*!40101 SET character_set_client = @saved_cs_client */;

--
-- Dumping data for table `admins`
--

LOCK TABLES `admins` WRITE;
/*!40000 ALTER TABLE `admins` DISABLE KEYS */;
INSERT INTO `admins` VALUES (60,'admin','$2b$10$Vn5sH.NgLi5WY0/GAYBbIOcYa4Ef.HshCfd4XBMqG.a5eHtRD0IMK');
/*!40000 ALTER TABLE `admins` ENABLE KEYS */;
UNLOCK TABLES;

--
-- Table structure for table `cities`
--

DROP TABLE IF EXISTS `cities`;
/*!40101 SET @saved_cs_client     = @@character_set_client */;
/*!50503 SET character_set_client = utf8mb4 */;
CREATE TABLE `cities` (
  `id` int NOT NULL AUTO_INCREMENT,
  `name` varchar(45) NOT NULL,
  PRIMARY KEY (`id`)
) ENGINE=InnoDB AUTO_INCREMENT=82 DEFAULT CHARSET=utf8mb3;
/*!40101 SET character_set_client = @saved_cs_client */;

--
-- Dumping data for table `cities`
--

LOCK TABLES `cities` WRITE;
/*!40000 ALTER TABLE `cities` DISABLE KEYS */;
INSERT INTO `cities` VALUES (1,'Adana'),(2,'Adıyaman'),(3,'Afyonkarahisar'),(4,'Ağrı'),(5,'Amasya'),(6,'Ankara'),(7,'Antalya'),(8,'Artvin'),(9,'Aydın'),(10,'Balıkesir'),(11,'Bilecik'),(12,'Bingöl'),(13,'Bitlis'),(14,'Bolu'),(15,'Burdur'),(16,'Bursa'),(17,'Çanakkale'),(18,'Çankırı'),(19,'Çorum'),(20,'Denizli'),(21,'Diyarbakır'),(22,'Edirne'),(23,'Elazığ'),(24,'Erzincan'),(25,'Erzurum'),(26,'Eskişehir'),(27,'Gaziantep'),(28,'Giresun'),(29,'Gümüşhane'),(30,'Hakkari'),(31,'Hatay'),(32,'Isparta'),(33,'Mersin'),(34,'İstanbul'),(35,'İzmir'),(36,'Kars'),(37,'Kastamonu'),(38,'Kayseri'),(39,'Kırklareli'),(40,'Kırşehir'),(41,'Kocaeli'),(42,'Konya'),(43,'Kütahya'),(44,'Malatya'),(45,'Manisa'),(46,'Kahramanmaraş'),(47,'Mardin'),(48,'Muğla'),(49,'Muş'),(50,'Nevşehir'),(51,'Niğde'),(52,'Ordu'),(53,'Rize'),(54,'Sakarya'),(55,'Samsun'),(56,'Siirt'),(57,'Sinop'),(58,'Sivas'),(59,'Tekirdağ'),(60,'Tokat'),(61,'Trabzon'),(62,'Tunceli'),(63,'Şanlıurfa'),(64,'Uşak'),(65,'Van'),(66,'Yozgat'),(67,'Zonguldak'),(68,'Aksaray'),(69,'Bayburt'),(70,'Karaman'),(71,'Kırıkkale'),(72,'Batman'),(73,'Şırnak'),(74,'Bartın'),(75,'Ardahan'),(76,'Iğdır'),(77,'Yalova'),(78,'Karabük'),(79,'Kilis'),(80,'Osmaniye'),(81,'Düzce');
/*!40000 ALTER TABLE `cities` ENABLE KEYS */;
UNLOCK TABLES;

--
-- Table structure for table `flights`
--

DROP TABLE IF EXISTS `flights`;
/*!40101 SET @saved_cs_client     = @@character_set_client */;
/*!50503 SET character_set_client = utf8mb4 */;
CREATE TABLE `flights` (
  `id` int NOT NULL AUTO_INCREMENT,
  `price` float NOT NULL,
  `seats_total` int NOT NULL,
  `departure_time` timestamp NOT NULL,
  `arrival_time` timestamp NOT NULL,
  `from_city` int NOT NULL,
  `to_city` int NOT NULL,
  PRIMARY KEY (`id`),
  KEY `fk_flights_cities_idx` (`from_city`),
  KEY `fk_flights_cities1_idx` (`to_city`),
  CONSTRAINT `fk_flights_cities` FOREIGN KEY (`from_city`) REFERENCES `cities` (`id`),
  CONSTRAINT `fk_flights_cities1` FOREIGN KEY (`to_city`) REFERENCES `cities` (`id`)
) ENGINE=InnoDB AUTO_INCREMENT=1841 DEFAULT CHARSET=utf8mb3;
/*!40101 SET character_set_client = @saved_cs_client */;

--
-- Dumping data for table `flights`
--

LOCK TABLES `flights` WRITE;
/*!40000 ALTER TABLE `flights` DISABLE KEYS */;
INSERT INTO `flights` VALUES (1540,323,156,'2025-06-26 19:05:06','2025-06-27 00:05:06',13,6),(1541,205,158,'2025-06-09 05:05:06','2025-06-09 09:05:06',12,76),(1542,215,115,'2025-06-14 16:05:06','2025-06-14 20:05:06',73,2),(1543,259,100,'2025-06-22 01:05:06','2025-06-22 05:05:06',66,2),(1544,376,119,'2025-06-08 09:05:06','2025-06-08 14:05:06',73,63),(1545,116,174,'2025-06-08 07:05:06','2025-06-08 10:05:06',50,66),(1546,294,102,'2025-06-12 19:05:06','2025-06-12 22:05:06',55,23),(1547,380,127,'2025-06-30 22:05:06','2025-06-30 23:05:06',23,46),(1548,173,140,'2025-06-03 20:05:06','2025-06-03 23:05:06',38,8),(1549,118,173,'2025-06-13 09:05:06','2025-06-13 12:05:06',42,32),(1550,460,130,'2025-06-03 20:05:06','2025-06-03 22:05:06',65,8),(1551,305,143,'2025-06-11 20:05:06','2025-06-12 00:05:06',51,69),(1552,230,135,'2025-06-06 16:05:06','2025-06-06 19:05:06',65,74),(1553,381,190,'2025-07-01 04:05:06','2025-07-01 07:05:06',36,37),(1554,497,151,'2025-07-01 13:05:06','2025-07-01 15:05:06',47,28),(1555,248,168,'2025-06-06 05:05:06','2025-06-06 07:05:06',24,33),(1556,342,129,'2025-06-13 04:05:06','2025-06-13 06:05:06',55,40),(1557,148,163,'2025-06-06 02:05:06','2025-06-06 05:05:06',65,9),(1558,267,154,'2025-06-25 20:05:06','2025-06-25 22:05:06',37,52),(1559,144,162,'2025-06-03 21:05:06','2025-06-04 00:05:06',65,8),(1560,276,143,'2025-06-26 05:05:06','2025-06-26 07:05:06',68,71),(1561,303,186,'2025-06-20 18:05:06','2025-06-20 21:05:06',66,34),(1562,436,194,'2025-06-23 09:05:06','2025-06-23 11:05:06',19,23),(1563,400,164,'2025-06-01 17:05:06','2025-06-01 18:05:06',80,81),(1564,403,127,'2025-06-21 06:05:06','2025-06-21 10:05:06',7,47),(1565,171,159,'2025-06-04 18:05:06','2025-06-04 19:05:06',38,41),(1566,486,170,'2025-06-22 20:05:06','2025-06-23 00:05:06',53,11),(1567,466,153,'2025-06-12 09:05:06','2025-06-12 11:05:06',76,3),(1568,324,185,'2025-06-06 06:05:06','2025-06-06 09:05:06',48,31),(1569,328,146,'2025-06-27 20:05:06','2025-06-27 21:05:06',52,62),(1570,424,192,'2025-06-10 18:05:06','2025-06-10 20:05:06',16,15),(1571,198,140,'2025-06-06 23:05:06','2025-06-07 04:05:06',24,17),(1572,209,192,'2025-06-16 18:05:06','2025-06-16 23:05:06',64,15),(1573,477,120,'2025-06-28 06:05:06','2025-06-28 08:05:06',15,23),(1574,274,147,'2025-06-18 15:05:06','2025-06-18 20:05:06',7,78),(1575,155,172,'2025-06-26 04:05:06','2025-06-26 09:05:06',18,73),(1576,110,145,'2025-06-26 20:05:06','2025-06-26 22:05:06',18,57),(1577,406,107,'2025-06-26 05:05:06','2025-06-26 06:05:06',8,18),(1578,317,169,'2025-06-25 12:05:06','2025-06-25 16:05:06',67,5),(1579,359,141,'2025-06-27 15:05:06','2025-06-27 16:05:06',12,38),(1580,372,110,'2025-06-10 19:05:06','2025-06-10 22:05:06',41,14),(1581,313,196,'2025-07-01 08:05:06','2025-07-01 09:05:06',17,10),(1582,116,163,'2025-06-20 21:05:06','2025-06-21 02:05:06',5,30),(1583,115,145,'2025-06-03 08:05:06','2025-06-03 09:05:06',15,42),(1584,452,188,'2025-06-05 09:05:06','2025-06-05 10:05:06',65,25),(1585,165,170,'2025-06-27 00:05:06','2025-06-27 01:05:06',2,80),(1586,138,146,'2025-06-20 17:05:06','2025-06-20 18:05:06',3,61),(1587,347,169,'2025-06-24 22:05:06','2025-06-25 02:05:06',49,75),(1588,473,151,'2025-06-07 16:05:06','2025-06-07 18:05:06',63,24),(1589,419,196,'2025-06-29 12:05:06','2025-06-29 14:05:06',35,20),(1590,167,189,'2025-06-04 12:05:06','2025-06-04 16:05:06',80,17),(1591,257,169,'2025-06-21 02:05:06','2025-06-21 07:05:06',23,24),(1592,343,119,'2025-06-08 10:05:06','2025-06-08 15:05:06',12,11),(1593,347,121,'2025-06-24 00:05:06','2025-06-24 02:05:06',19,40),(1594,253,113,'2025-06-28 06:05:06','2025-06-28 07:05:06',45,25),(1595,116,175,'2025-07-01 14:05:06','2025-07-01 17:05:06',53,80),(1596,148,192,'2025-06-29 15:05:06','2025-06-29 20:05:06',22,44),(1597,126,139,'2025-06-05 06:05:06','2025-06-05 09:05:06',63,56),(1598,349,172,'2025-06-10 18:05:06','2025-06-10 21:05:06',60,41),(1599,483,147,'2025-06-03 18:05:06','2025-06-03 19:05:06',42,11),(1600,100,189,'2025-06-04 01:05:06','2025-06-04 04:05:06',39,58),(1601,331,128,'2025-06-03 01:05:06','2025-06-03 04:05:06',57,51),(1602,465,180,'2025-06-23 18:05:06','2025-06-23 23:05:06',22,74),(1603,396,177,'2025-06-04 02:05:06','2025-06-04 06:05:06',55,2),(1604,197,116,'2025-06-22 04:05:06','2025-06-22 06:05:06',9,81),(1605,113,128,'2025-06-11 15:05:06','2025-06-11 19:05:06',29,71),(1606,431,197,'2025-06-25 19:05:06','2025-06-25 20:05:06',32,81),(1607,108,190,'2025-06-21 04:05:06','2025-06-21 06:05:06',38,50),(1608,271,103,'2025-06-13 06:05:06','2025-06-13 11:05:06',74,34),(1609,224,112,'2025-06-11 02:05:06','2025-06-11 07:05:06',56,7),(1610,300,172,'2025-06-25 06:05:06','2025-06-25 09:05:06',10,35),(1611,164,106,'2025-06-12 17:05:06','2025-06-12 22:05:06',68,80),(1612,322,101,'2025-06-22 04:05:06','2025-06-22 06:05:06',33,80),(1613,251,179,'2025-06-08 14:05:06','2025-06-08 19:05:06',67,60),(1614,302,100,'2025-06-09 07:05:06','2025-06-09 09:05:06',42,46),(1615,314,185,'2025-06-02 08:05:06','2025-06-02 09:05:06',55,66),(1616,482,125,'2025-06-21 12:05:06','2025-06-21 13:05:06',31,14),(1617,436,105,'2025-06-15 08:05:06','2025-06-15 13:05:06',60,44),(1618,388,178,'2025-06-27 18:05:06','2025-06-27 22:05:06',62,35),(1619,251,175,'2025-06-18 22:05:06','2025-06-19 01:05:06',52,73),(1620,326,145,'2025-06-21 14:05:06','2025-06-21 17:05:06',46,39),(1621,283,104,'2025-06-18 10:05:06','2025-06-18 11:05:06',67,1),(1622,176,169,'2025-06-04 02:05:06','2025-06-04 06:05:06',72,29),(1623,324,154,'2025-06-15 11:05:06','2025-06-15 14:05:06',3,42),(1624,487,148,'2025-06-11 20:05:06','2025-06-12 00:05:06',43,16),(1625,223,128,'2025-06-07 00:05:06','2025-06-07 01:05:06',39,42),(1626,304,126,'2025-06-04 23:05:06','2025-06-05 00:05:06',63,7),(1627,374,110,'2025-06-19 18:05:06','2025-06-19 21:05:06',38,1),(1628,186,163,'2025-06-05 02:05:06','2025-06-05 06:05:06',43,61),(1629,167,179,'2025-06-18 10:05:06','2025-06-18 11:05:06',39,81),(1630,128,118,'2025-06-18 16:05:06','2025-06-18 17:05:06',57,76),(1631,104,151,'2025-07-01 06:05:06','2025-07-01 11:05:06',44,10),(1632,481,195,'2025-06-06 00:05:06','2025-06-06 02:05:06',76,64),(1633,152,198,'2025-06-02 18:05:06','2025-06-02 19:05:06',44,60),(1634,242,147,'2025-06-24 02:05:06','2025-06-24 06:05:06',26,12),(1635,480,190,'2025-06-01 22:05:06','2025-06-01 23:05:06',54,49),(1636,371,120,'2025-06-12 21:05:06','2025-06-13 01:05:06',79,22),(1637,101,189,'2025-06-24 14:05:06','2025-06-24 16:05:06',38,51),(1638,353,135,'2025-06-21 03:05:06','2025-06-21 05:05:06',70,20),(1639,160,187,'2025-06-29 13:05:06','2025-06-29 16:05:06',74,76),(1640,320,152,'2025-06-03 10:05:06','2025-06-03 13:05:06',77,15),(1641,160,135,'2025-06-07 20:05:06','2025-06-07 21:05:06',29,53),(1642,464,134,'2025-06-13 00:05:06','2025-06-13 02:05:06',80,70),(1643,129,116,'2025-06-06 14:05:06','2025-06-06 15:05:06',51,49),(1644,487,141,'2025-06-12 20:05:06','2025-06-12 23:05:06',14,47),(1645,281,154,'2025-06-03 05:05:06','2025-06-03 08:05:06',31,20),(1646,156,104,'2025-06-02 02:05:06','2025-06-02 03:05:06',66,72),(1647,431,110,'2025-06-12 22:05:06','2025-06-12 23:05:06',4,74),(1648,314,151,'2025-06-23 07:05:06','2025-06-23 12:05:06',80,27),(1649,373,170,'2025-06-22 10:05:06','2025-06-22 14:05:06',38,18),(1650,160,173,'2025-06-14 10:05:06','2025-06-14 12:05:06',17,66),(1651,244,190,'2025-06-28 22:05:06','2025-06-29 00:05:06',35,36),(1652,203,113,'2025-06-27 19:05:06','2025-06-28 00:05:06',74,10),(1653,447,183,'2025-06-06 06:05:06','2025-06-06 09:05:06',47,31),(1654,361,183,'2025-06-03 08:05:06','2025-06-03 09:05:06',17,44),(1655,393,123,'2025-07-01 00:05:06','2025-07-01 04:05:06',80,15),(1656,319,162,'2025-06-07 02:05:06','2025-06-07 05:05:06',39,43),(1657,140,110,'2025-06-07 06:05:06','2025-06-07 08:05:06',18,62),(1658,178,181,'2025-06-27 16:05:06','2025-06-27 18:05:06',41,6),(1659,373,147,'2025-06-28 18:05:06','2025-06-28 22:05:06',26,15),(1660,424,123,'2025-07-01 10:05:06','2025-07-01 14:05:06',61,4),(1661,148,165,'2025-06-26 08:05:06','2025-06-26 12:05:06',73,41),(1662,269,113,'2025-06-07 14:05:06','2025-06-07 19:05:06',35,57),(1663,140,160,'2025-06-28 19:05:06','2025-06-28 23:05:06',59,67),(1664,322,146,'2025-06-10 17:05:06','2025-06-10 19:05:06',53,70),(1665,479,111,'2025-06-06 19:05:06','2025-06-07 00:05:06',59,22),(1666,175,128,'2025-06-10 01:05:06','2025-06-10 06:05:06',69,30),(1667,236,107,'2025-06-19 01:05:06','2025-06-19 06:05:06',29,43),(1668,420,110,'2025-06-03 03:05:06','2025-06-03 04:05:06',10,23),(1669,391,162,'2025-07-01 07:05:06','2025-07-01 08:05:06',75,61),(1670,424,167,'2025-06-10 07:05:06','2025-06-10 08:05:06',75,50),(1671,125,178,'2025-06-30 23:05:06','2025-07-01 01:05:06',58,19),(1672,441,129,'2025-06-26 20:05:06','2025-06-26 21:05:06',75,59),(1673,207,191,'2025-06-10 20:05:06','2025-06-11 01:05:06',63,11),(1674,343,162,'2025-06-29 17:05:06','2025-06-29 19:05:06',24,46),(1675,143,186,'2025-06-02 12:05:06','2025-06-02 13:05:06',81,33),(1676,101,173,'2025-06-16 23:05:06','2025-06-17 04:05:06',54,9),(1677,299,188,'2025-06-07 19:05:06','2025-06-07 23:05:06',76,1),(1678,323,150,'2025-06-02 14:05:06','2025-06-02 17:05:06',69,58),(1679,485,120,'2025-06-19 16:05:06','2025-06-19 17:05:06',10,81),(1680,297,123,'2025-06-14 20:05:07','2025-06-14 22:05:07',55,57),(1681,315,149,'2025-06-30 15:05:07','2025-06-30 20:05:07',72,75),(1682,253,141,'2025-06-10 22:05:07','2025-06-11 00:05:07',76,35),(1683,465,157,'2025-06-20 20:05:07','2025-06-21 01:05:07',13,2),(1684,445,171,'2025-06-27 18:05:07','2025-06-27 22:05:07',80,62),(1685,251,175,'2025-06-09 13:05:07','2025-06-09 16:05:07',50,67),(1686,489,133,'2025-06-07 15:05:07','2025-06-07 16:05:07',60,55),(1687,260,190,'2025-06-21 04:05:07','2025-06-21 07:05:07',27,76),(1688,398,142,'2025-06-21 22:05:07','2025-06-21 23:05:07',70,5),(1689,462,117,'2025-06-17 20:05:07','2025-06-17 21:05:07',12,16),(1690,471,142,'2025-06-15 10:07:34','2025-06-15 12:07:34',29,41),(1691,298,145,'2025-06-04 16:07:34','2025-06-04 20:07:34',62,39),(1692,256,195,'2025-06-19 09:07:34','2025-06-19 13:07:34',48,6),(1693,350,189,'2025-06-08 11:07:34','2025-06-08 13:07:34',51,34),(1694,420,135,'2025-06-15 23:07:34','2025-06-16 04:07:34',29,58),(1695,285,178,'2025-06-28 06:07:34','2025-06-28 07:07:34',43,24),(1696,438,192,'2025-06-29 10:07:34','2025-06-29 14:07:34',7,52),(1697,435,180,'2025-06-03 17:07:34','2025-06-03 22:07:34',41,10),(1698,190,156,'2025-06-25 13:07:34','2025-06-25 18:07:34',13,4),(1699,332,144,'2025-06-20 21:07:34','2025-06-20 22:07:34',38,1),(1700,280,125,'2025-06-13 04:07:34','2025-06-13 06:07:34',75,68),(1701,399,102,'2025-06-24 18:07:34','2025-06-24 23:07:34',71,23),(1702,380,156,'2025-06-26 20:07:34','2025-06-26 22:07:34',61,2),(1703,359,159,'2025-06-13 23:07:34','2025-06-14 00:07:34',2,24),(1704,290,120,'2025-06-09 15:07:34','2025-06-09 20:07:34',50,34),(1705,166,183,'2025-06-23 09:07:34','2025-06-23 11:07:34',57,78),(1706,395,158,'2025-06-18 07:07:34','2025-06-18 09:07:34',57,60),(1707,474,163,'2025-06-18 14:07:34','2025-06-18 19:07:34',30,76),(1708,443,155,'2025-06-25 21:07:34','2025-06-26 01:07:34',16,23),(1709,283,145,'2025-06-20 15:07:34','2025-06-20 20:07:34',72,5),(1710,242,127,'2025-06-27 16:07:34','2025-06-27 18:07:34',26,62),(1711,413,188,'2025-06-30 18:07:34','2025-06-30 20:07:34',5,52),(1712,346,198,'2025-06-04 16:07:34','2025-06-04 20:07:34',7,38),(1713,263,104,'2025-06-26 13:07:34','2025-06-26 18:07:34',79,61),(1714,338,147,'2025-06-21 11:07:34','2025-06-21 16:07:34',47,39),(1715,129,176,'2025-06-27 22:07:34','2025-06-28 01:07:34',50,61),(1716,460,193,'2025-06-04 04:07:34','2025-06-04 05:07:34',78,81),(1717,258,146,'2025-06-23 14:07:34','2025-06-23 16:07:34',10,18),(1718,207,115,'2025-06-19 21:07:34','2025-06-19 22:07:34',77,24),(1719,368,124,'2025-06-24 19:07:34','2025-06-24 20:07:34',17,23),(1720,185,177,'2025-06-26 02:07:34','2025-06-26 05:07:34',21,75),(1721,490,161,'2025-06-26 07:07:34','2025-06-26 10:07:34',12,69),(1722,355,174,'2025-06-12 04:07:34','2025-06-12 06:07:34',65,61),(1723,275,106,'2025-06-27 20:07:34','2025-06-27 21:07:34',81,63),(1724,140,115,'2025-06-05 12:07:34','2025-06-05 16:07:34',39,74),(1725,215,120,'2025-06-23 12:07:34','2025-06-23 17:07:34',15,20),(1726,159,199,'2025-06-23 08:07:34','2025-06-23 09:07:34',43,54),(1727,334,159,'2025-06-19 23:07:34','2025-06-20 02:07:34',17,20),(1728,120,152,'2025-06-26 05:07:34','2025-06-26 06:07:34',40,70),(1729,200,176,'2025-06-20 07:07:34','2025-06-20 08:07:34',7,14),(1730,376,117,'2025-06-08 03:07:34','2025-06-08 06:07:34',66,43),(1731,236,113,'2025-06-08 05:07:34','2025-06-08 06:07:34',53,68),(1732,349,199,'2025-06-10 15:07:34','2025-06-10 19:07:34',9,43),(1733,421,188,'2025-07-01 11:07:34','2025-07-01 16:07:34',2,33),(1734,406,140,'2025-06-03 13:07:34','2025-06-03 15:07:34',60,37),(1735,300,184,'2025-06-24 14:07:34','2025-06-24 16:07:34',57,79),(1736,238,110,'2025-06-27 23:07:34','2025-06-28 03:07:34',39,6),(1737,219,165,'2025-06-16 07:07:34','2025-06-16 11:07:34',31,75),(1738,264,109,'2025-06-03 00:07:34','2025-06-03 03:07:34',21,78),(1739,329,133,'2025-06-02 11:07:34','2025-06-02 15:07:34',78,64),(1740,294,116,'2025-06-22 00:07:34','2025-06-22 03:07:34',31,30),(1741,387,199,'2025-06-08 10:07:34','2025-06-08 15:07:34',67,12),(1742,300,170,'2025-06-16 11:07:34','2025-06-16 14:07:34',1,73),(1743,428,179,'2025-06-24 17:07:34','2025-06-24 21:07:34',44,23),(1744,471,124,'2025-06-04 20:07:34','2025-06-04 22:07:34',37,40),(1745,176,199,'2025-07-01 12:07:34','2025-07-01 13:07:34',33,4),(1746,218,101,'2025-06-11 08:07:34','2025-06-11 10:07:34',18,81),(1747,393,162,'2025-06-10 19:07:34','2025-06-10 22:07:34',77,68),(1748,197,170,'2025-06-13 16:07:34','2025-06-13 20:07:34',67,79),(1749,387,141,'2025-06-05 04:07:34','2025-06-05 05:07:34',75,31),(1750,345,104,'2025-06-20 11:07:34','2025-06-20 12:07:34',31,61),(1751,464,142,'2025-06-14 15:07:34','2025-06-14 17:07:34',33,59),(1752,116,111,'2025-06-04 10:07:34','2025-06-04 13:07:34',36,72),(1753,443,107,'2025-06-08 19:07:34','2025-06-08 23:07:34',64,59),(1754,298,119,'2025-06-22 15:07:34','2025-06-22 19:07:34',40,67),(1755,293,143,'2025-06-13 21:07:34','2025-06-14 00:07:34',59,26),(1756,238,101,'2025-06-22 19:07:34','2025-06-22 21:07:34',4,14),(1757,258,195,'2025-06-26 11:07:34','2025-06-26 13:07:34',49,11),(1758,218,153,'2025-06-09 00:07:34','2025-06-09 04:07:34',64,27),(1759,449,109,'2025-06-18 10:07:34','2025-06-18 15:07:34',71,3),(1760,328,199,'2025-06-03 23:07:34','2025-06-04 00:07:34',23,31),(1761,139,190,'2025-06-20 08:07:34','2025-06-20 10:07:34',20,38),(1762,397,174,'2025-06-01 20:07:34','2025-06-02 00:07:34',42,26),(1763,394,179,'2025-06-12 23:07:34','2025-06-13 00:07:34',64,45),(1764,108,161,'2025-06-16 05:07:34','2025-06-16 06:07:34',3,26),(1765,350,105,'2025-06-27 12:07:34','2025-06-27 15:07:34',32,66),(1766,269,138,'2025-06-07 17:07:34','2025-06-07 19:07:34',52,2),(1767,457,132,'2025-06-16 05:07:34','2025-06-16 06:07:34',75,53),(1768,142,112,'2025-06-21 19:07:34','2025-06-21 22:07:34',25,10),(1769,140,104,'2025-06-18 03:07:34','2025-06-18 06:07:34',75,38),(1770,419,175,'2025-06-07 19:07:34','2025-06-08 00:07:34',32,56),(1771,104,145,'2025-07-01 10:07:34','2025-07-01 14:07:34',18,59),(1772,168,185,'2025-06-29 13:07:34','2025-06-29 16:07:34',62,20),(1773,140,190,'2025-06-15 19:07:34','2025-06-15 20:07:34',19,36),(1774,473,153,'2025-06-12 02:07:34','2025-06-12 07:07:34',72,65),(1775,476,126,'2025-06-30 08:07:34','2025-06-30 10:07:34',41,56),(1776,484,168,'2025-06-16 08:07:34','2025-06-16 12:07:34',44,51),(1777,261,103,'2025-06-04 19:07:34','2025-06-04 21:07:34',80,66),(1778,478,195,'2025-06-27 21:07:34','2025-06-27 23:07:34',75,59),(1779,203,117,'2025-06-21 00:07:34','2025-06-21 03:07:34',9,81),(1780,495,118,'2025-06-23 08:07:34','2025-06-23 09:07:34',80,28),(1781,305,127,'2025-06-13 10:07:34','2025-06-13 13:07:34',69,31),(1782,213,195,'2025-06-18 11:07:34','2025-06-18 12:07:34',73,53),(1783,292,196,'2025-06-27 00:07:34','2025-06-27 05:07:34',31,81),(1784,410,107,'2025-06-22 06:07:34','2025-06-22 10:07:34',3,78),(1785,128,109,'2025-06-18 07:07:34','2025-06-18 09:07:34',23,7),(1786,376,156,'2025-07-01 11:07:34','2025-07-01 16:07:34',61,4),(1787,199,150,'2025-06-27 17:07:34','2025-06-27 20:07:34',65,37),(1788,206,193,'2025-06-19 15:07:34','2025-06-19 20:07:34',73,53),(1789,435,141,'2025-06-08 00:07:34','2025-06-08 05:07:34',46,48),(1790,295,180,'2025-06-15 20:07:34','2025-06-15 22:07:34',47,36),(1791,127,140,'2025-06-13 15:07:34','2025-06-13 18:07:34',69,80),(1792,415,139,'2025-06-25 21:07:34','2025-06-26 01:07:34',51,76),(1793,266,127,'2025-06-11 04:07:34','2025-06-11 06:07:34',9,60),(1794,215,142,'2025-06-18 06:07:34','2025-06-18 08:07:34',22,7),(1795,240,110,'2025-06-12 14:07:34','2025-06-12 17:07:34',37,76),(1796,284,102,'2025-06-07 12:07:34','2025-06-07 15:07:34',62,56),(1797,264,133,'2025-06-09 16:07:34','2025-06-09 17:07:34',34,9),(1798,267,190,'2025-06-14 22:07:34','2025-06-15 03:07:34',23,53),(1799,425,133,'2025-07-01 06:07:34','2025-07-01 11:07:34',19,11),(1800,343,144,'2025-06-19 07:07:34','2025-06-19 09:07:34',35,63),(1801,372,149,'2025-06-15 18:07:34','2025-06-15 23:07:34',37,63),(1802,239,101,'2025-06-08 14:07:34','2025-06-08 19:07:34',2,5),(1803,275,172,'2025-06-02 13:07:34','2025-06-02 15:07:34',26,32),(1804,310,199,'2025-06-22 04:07:34','2025-06-22 06:07:34',32,79),(1805,140,160,'2025-06-28 15:07:34','2025-06-28 16:07:34',59,66),(1806,341,175,'2025-06-12 10:07:34','2025-06-12 14:07:34',81,54),(1807,129,139,'2025-06-27 03:07:34','2025-06-27 06:07:34',62,52),(1808,309,192,'2025-06-04 23:07:34','2025-06-05 00:07:34',4,37),(1809,270,195,'2025-06-23 09:07:34','2025-06-23 11:07:34',41,53),(1810,315,170,'2025-06-08 19:07:34','2025-06-08 23:07:34',73,32),(1811,346,170,'2025-06-12 14:07:34','2025-06-12 16:07:34',55,23),(1812,231,145,'2025-06-07 18:07:34','2025-06-07 22:07:34',23,1),(1813,288,113,'2025-06-15 11:07:34','2025-06-15 14:07:34',21,69),(1814,449,107,'2025-06-23 11:07:34','2025-06-23 15:07:34',63,49),(1815,184,193,'2025-06-09 10:07:34','2025-06-09 15:07:34',5,40),(1816,296,165,'2025-06-23 04:07:34','2025-06-23 06:07:34',65,2),(1817,214,135,'2025-06-06 21:07:34','2025-06-06 23:07:34',76,49),(1818,163,176,'2025-06-06 04:07:34','2025-06-06 09:07:34',29,36),(1819,206,149,'2025-06-10 18:07:34','2025-06-10 20:07:34',55,71),(1820,100,132,'2025-06-03 08:07:34','2025-06-03 09:07:34',52,16),(1821,394,125,'2025-06-26 00:07:34','2025-06-26 01:07:34',7,50),(1822,174,188,'2025-06-17 11:07:34','2025-06-17 13:07:34',70,50),(1823,457,177,'2025-06-04 14:07:34','2025-06-04 16:07:34',14,42),(1824,298,175,'2025-06-30 00:07:34','2025-06-30 04:07:34',24,14),(1825,351,198,'2025-06-30 23:07:34','2025-07-01 01:07:34',3,18),(1826,124,119,'2025-06-06 14:07:34','2025-06-06 15:07:34',63,24),(1827,312,150,'2025-06-28 20:07:34','2025-06-29 01:07:34',76,12),(1828,276,128,'2025-06-05 06:07:35','2025-06-05 08:07:35',9,56),(1829,160,168,'2025-06-04 16:07:35','2025-06-04 20:07:35',79,65),(1830,265,106,'2025-06-22 13:07:35','2025-06-22 15:07:35',7,15),(1831,486,188,'2025-06-26 05:07:35','2025-06-26 06:07:35',41,71),(1832,484,150,'2025-06-12 17:07:35','2025-06-12 22:07:35',52,54),(1833,139,102,'2025-06-06 00:07:35','2025-06-06 01:07:35',69,11),(1834,371,102,'2025-06-25 10:07:35','2025-06-25 12:07:35',9,35),(1835,201,139,'2025-06-12 00:07:35','2025-06-12 04:07:35',16,64),(1836,168,196,'2025-06-25 07:07:35','2025-06-25 11:07:35',27,62),(1837,280,131,'2025-06-22 16:07:35','2025-06-22 21:07:35',20,39),(1838,313,196,'2025-06-17 13:07:35','2025-06-17 17:07:35',19,20),(1839,127,116,'2025-06-11 10:07:35','2025-06-11 14:07:35',51,53),(1840,300,150,'2025-06-03 11:52:00','2025-06-03 12:15:00',3,1);
/*!40000 ALTER TABLE `flights` ENABLE KEYS */;
UNLOCK TABLES;

--
-- Table structure for table `tickets`
--

DROP TABLE IF EXISTS `tickets`;
/*!40101 SET @saved_cs_client     = @@character_set_client */;
/*!50503 SET character_set_client = utf8mb4 */;
CREATE TABLE `tickets` (
  `id` int NOT NULL AUTO_INCREMENT,
  `passenger_name` varchar(45) NOT NULL,
  `passenger_surname` varchar(45) NOT NULL,
  `passenger_email` varchar(45) NOT NULL,
  `flight_id` int NOT NULL,
  `seat_number` int DEFAULT NULL,
  PRIMARY KEY (`id`),
  KEY `fk_tickets_flights1_idx` (`flight_id`),
  CONSTRAINT `fk_tickets_flights1` FOREIGN KEY (`flight_id`) REFERENCES `flights` (`id`)
) ENGINE=InnoDB AUTO_INCREMENT=160 DEFAULT CHARSET=utf8mb3;
/*!40101 SET character_set_client = @saved_cs_client */;

--
-- Dumping data for table `tickets`
--

LOCK TABLES `tickets` WRITE;
/*!40000 ALTER TABLE `tickets` DISABLE KEYS */;
INSERT INTO `tickets` VALUES (156,'Emirhan','Pakyardım','emirhanpakyardim@gmail.com',1595,NULL),(157,'Emirhan','Pakyardım','emirhanpakyardim@gmail.com',1554,NULL),(158,'Emirhan','Pakyardım','emirhanpakyardim@gmail.com',1595,NULL),(159,'Ayşe','Mayşe','ayse@gmail.com',1595,NULL);
/*!40000 ALTER TABLE `tickets` ENABLE KEYS */;
UNLOCK TABLES;
/*!40103 SET TIME_ZONE=@OLD_TIME_ZONE */;

/*!40101 SET SQL_MODE=@OLD_SQL_MODE */;
/*!40014 SET FOREIGN_KEY_CHECKS=@OLD_FOREIGN_KEY_CHECKS */;
/*!40014 SET UNIQUE_CHECKS=@OLD_UNIQUE_CHECKS */;
/*!40101 SET CHARACTER_SET_CLIENT=@OLD_CHARACTER_SET_CLIENT */;
/*!40101 SET CHARACTER_SET_RESULTS=@OLD_CHARACTER_SET_RESULTS */;
/*!40101 SET COLLATION_CONNECTION=@OLD_COLLATION_CONNECTION */;
/*!40111 SET SQL_NOTES=@OLD_SQL_NOTES */;

-- Dump completed on 2025-06-02 21:18:29
